track_name	track_type	TCGA-55-6981	TCGA-86-8074	TCGA-38-6178	TCGA-50-6673	TCGA-69-7760	TCGA-78-7155	TCGA-MP-A4SW	TCGA-44-A4SU	TCGA-55-A48Z	TCGA-55-8096	TCGA-MP-A4T9	TCGA-86-8055	TCGA-55-8089	TCGA-75-6214	TCGA-75-6211	TCGA-55-1594	TCGA-L9-A444	TCGA-91-6847	TCGA-55-8620	TCGA-69-7763	TCGA-78-7220	TCGA-44-5645	TCGA-86-8280	TCGA-97-8171	TCGA-38-4628	TCGA-55-6980	TCGA-55-7573	TCGA-55-8206	TCGA-62-A46U	TCGA-62-8402	TCGA-J2-8192	TCGA-75-6207	TCGA-75-6212	TCGA-75-7025	TCGA-MP-A4T6	TCGA-86-A4P7	TCGA-97-8177	TCGA-49-4494	TCGA-55-8506	TCGA-05-5423	TCGA-67-3770	TCGA-50-5944	TCGA-38-4627	TCGA-49-4490	TCGA-50-6595	TCGA-62-8394	TCGA-64-1681	TCGA-67-3772	TCGA-78-7147	TCGA-86-8075	TCGA-86-8668	TCGA-50-5066	TCGA-69-7765	TCGA-97-8172	TCGA-95-7947	TCGA-05-4410	TCGA-55-6968	TCGA-78-7158	TCGA-55-7570	TCGA-44-7662	TCGA-78-7542	TCGA-55-6978	TCGA-78-7154	TCGA-49-6767	TCGA-38-4631	TCGA-86-8672	TCGA-78-8662	TCGA-93-7348	TCGA-44-A47G	TCGA-50-6597	TCGA-55-6982	TCGA-75-6205	TCGA-64-5781	TCGA-50-5930	TCGA-J2-A4AE	TCGA-55-8511	TCGA-86-8358	TCGA-44-2657	TCGA-55-6712	TCGA-50-6592	TCGA-86-7701	TCGA-67-3771	TCGA-44-7660	TCGA-50-5044	TCGA-80-5607	TCGA-86-7714	TCGA-55-7724	TCGA-78-7146	TCGA-44-5643	TCGA-95-7948	TCGA-44-7670	TCGA-55-7995	TCGA-49-6743	TCGA-73-7499	TCGA-78-7153	TCGA-50-6590	TCGA-55-7574	TCGA-50-8460	TCGA-67-6215	TCGA-67-6216	TCGA-78-7163	TCGA-86-A4P8	TCGA-44-7667	TCGA-50-5946	TCGA-05-4432	TCGA-55-7994	TCGA-44-2656	TCGA-44-4112	TCGA-MP-A5C7	TCGA-55-8205	TCGA-86-8278	TCGA-64-1680	TCGA-05-4426	TCGA-44-2665	TCGA-55-6986	TCGA-86-8585	TCGA-05-4434	TCGA-91-6830	TCGA-44-8119	TCGA-78-7150	TCGA-78-7159	TCGA-62-8399	TCGA-91-6831	TCGA-86-8073	TCGA-64-1679	TCGA-78-8640	TCGA-86-6851	TCGA-86-8279	TCGA-44-3396	TCGA-75-7031	TCGA-91-8499	TCGA-73-4658	TCGA-62-A46P	TCGA-78-8660	TCGA-55-7913	TCGA-55-6979	TCGA-05-4389	TCGA-78-7633	TCGA-53-A4EZ	TCGA-05-5428	TCGA-44-2662	TCGA-44-2666	TCGA-44-6774	TCGA-50-5942	TCGA-50-6594	TCGA-55-7903	TCGA-62-A472	TCGA-75-5146	TCGA-L4-A4E6	TCGA-78-7537	TCGA-44-3918	TCGA-86-6562	TCGA-91-6848	TCGA-55-5899	TCGA-35-4123	TCGA-38-4632	TCGA-55-8505	TCGA-62-A46O	TCGA-91-6840	TCGA-05-4420	TCGA-78-7536	TCGA-53-7626	TCGA-35-4122	TCGA-55-A491	TCGA-MN-A4N4	TCGA-78-7156	TCGA-78-7149	TCGA-55-A4DG	TCGA-50-5935	TCGA-55-A48X	TCGA-55-6972	TCGA-55-1596	TCGA-95-7043	TCGA-78-7162	TCGA-44-A4SS	TCGA-50-5049	TCGA-69-A59K	TCGA-69-7761	TCGA-97-8175	TCGA-05-5715	TCGA-05-4384	TCGA-05-4425	TCGA-05-4422	TCGA-55-8085	TCGA-62-A470	TCGA-55-6543	TCGA-75-6203	TCGA-86-7955	TCGA-44-5644	TCGA-86-A4D0	TCGA-86-8673	TCGA-55-8510	TCGA-91-7771	TCGA-05-5425	TCGA-64-1676	TCGA-44-6778	TCGA-49-4486	TCGA-64-5779	TCGA-J2-A4AD	TCGA-73-4676	TCGA-55-8301	TCGA-05-4398	TCGA-44-8120	TCGA-78-7152	TCGA-49-4488	TCGA-55-8208	TCGA-05-4424	TCGA-62-A471	TCGA-05-4430	TCGA-05-5429	TCGA-35-5375	TCGA-38-A44F	TCGA-38-7271	TCGA-44-2655	TCGA-44-2659	TCGA-44-3919	TCGA-44-6148	TCGA-44-6775	TCGA-44-6779	TCGA-44-7669	TCGA-49-4487	TCGA-49-4507	TCGA-49-4512	TCGA-49-4514	TCGA-49-6742	TCGA-49-6744	TCGA-50-5045	TCGA-50-5055	TCGA-50-5068	TCGA-50-5072	TCGA-50-5931	TCGA-50-6593	TCGA-50-8457	TCGA-53-7624	TCGA-55-A4DF	TCGA-55-A492	TCGA-55-A493	TCGA-55-6969	TCGA-55-6971	TCGA-55-6985	TCGA-55-6987	TCGA-55-7727	TCGA-55-8087	TCGA-55-8091	TCGA-55-8204	TCGA-55-8513	TCGA-55-8619	TCGA-55-8621	TCGA-62-8395	TCGA-62-8397	TCGA-64-1678	TCGA-69-7764	TCGA-71-6725	TCGA-73-4675	TCGA-75-5125	TCGA-75-5147	TCGA-L4-A4E5	TCGA-MP-A4SV	TCGA-MP-A4TA	TCGA-MP-A4TC	TCGA-MP-A4TH	TCGA-78-7143	TCGA-78-7535	TCGA-78-8648	TCGA-NJ-A4YF	TCGA-NJ-A4YQ	TCGA-NJ-A55A	TCGA-O1-A52J	TCGA-80-5611	TCGA-86-7711	TCGA-86-8281	TCGA-86-8669	TCGA-86-8671	TCGA-91-6829	TCGA-95-7944	TCGA-95-8039	TCGA-97-7546	TCGA-97-7547	TCGA-97-7552	TCGA-97-7553	TCGA-97-7937	TCGA-97-8174
EGFR	CNA	Amplification	Amplification	Amplification	Amplification	Amplification	Amplification	Amplification	Amplification	Amplification	Amplification	Amplification	Amplification	Amplification	Amplification	Amplification	Amplification	Amplification	Amplification	Deep Deletion	Deep Deletion	Deep Deletion																																																																																																																																																																																																																																																																					
MET	CNA																			Amplification	Deep Deletion																																Amplification								Amplification	Amplification	Amplification	Amplification	Amplification	Amplification	Amplification	Deep Deletion																																																																																																																																																																																																																							
PIK3CA	CNA																																																																									Amplification							Amplification	Amplification	Amplification	Amplification																																																																																																																																																																																																							
ALK	CNA																																																																																																							Amplification																																																																																																																																																																																			
ROS1	CNA																																																																																																															Deep Deletion					Amplification	Deep Deletion																																																																																																																																																																					
PTEN	CNA																																						Deep Deletion																																																								Deep Deletion																																			Deep Deletion	Deep Deletion																																																																																																																																																								
BRAF	CNA	Amplification																																																														Amplification																																																																						Amplification																																																																																																																																																					
NRAS	CNA																				Deep Deletion																																																																Deep Deletion																																	Deep Deletion																																			Amplification	Deep Deletion	Deep Deletion																																																																																																																																
HRAS	CNA																																																																																																																										Deep Deletion																																			Amplification	Deep Deletion	Deep Deletion																																																																																																																											
AKT1	CNA																					Deep Deletion																																																								Amplification				Amplification																																																																																Amplification																																																																																																																									
AKT2	CNA																																																																																																																						Amplification																																								Amplification					Amplification	Amplification																																																																																																																						
AKT3	CNA																																								Amplification																	Amplification			Amplification																																				Amplification							Amplification																																Amplification																	Amplification															Amplification	Amplification	Amplification	Amplification	Amplification																																																																																																															
ERBB2	CNA																																																							Amplification								Amplification																																																																																																													Amplification			Amplification	Amplification	Amplification	Amplification	Amplification																																																																																																							
CTNNB1	CNA																																																																																																																																																									Deep Deletion																																																																																																																																	
RET	CNA																																																																																																																																	Deep Deletion																																																																																																																																																									
MAPK1	CNA																																																																												Amplification																																																																																		Amplification																														Amplification	Amplification	Amplification																																																																																												
MAPK3	CNA																																																																																																																																																																							Amplification										Amplification														Amplification																																																																																											
MAP2K1	CNA																																																																																																																																																																																																	Amplification																																																																																									
MTOR	CNA																																																																																																																																																									Amplification																													Deep Deletion											Deep Deletion																																																																																									
RPTOR	CNA																																									Amplification																																																																							Amplification																																							Amplification																																																	Amplification																																																																																		
INPP4B	CNA																																																																																																																																																																																												Amplification																																																																																														
TSC1	CNA																																																																																																																																																																																																														Deep Deletion																																																																												
TSC2	CNA																																										Amplification																																																																													Deep Deletion																																																																																																																																																																			
EGFR	MUTATIONS	Inframe Mutation (putative driver)	Inframe Mutation (putative driver)	Inframe Mutation (putative driver)	Inframe Mutation (putative driver)	Inframe Mutation (putative driver)	Missense Mutation (putative driver)	Missense Mutation (putative driver)	Missense Mutation (putative driver)	Missense Mutation (putative driver)	Missense Mutation (putative driver)	Missense Mutation (putative driver)	Missense Mutation (putative driver)										Inframe Mutation (putative driver)	Inframe Mutation (putative driver)	Inframe Mutation (putative driver)	Inframe Mutation (putative driver)	Inframe Mutation (putative driver)	Inframe Mutation (putative driver)	Inframe Mutation (putative driver)	Inframe Mutation (putative driver)	Inframe Mutation (putative driver)	Inframe Mutation (putative driver)	Inframe Mutation (putative driver)	Inframe Mutation (putative driver)	Inframe Mutation (putative driver)	Inframe Mutation (putative driver)	Inframe Mutation (putative driver)	Missense Mutation (putative driver)	Missense Mutation (putative driver)	Missense Mutation (putative driver)	Missense Mutation (putative driver)	Missense Mutation (putative driver)	Missense Mutation (putative driver)	Missense Mutation (putative driver)	Missense Mutation (putative driver)	Missense Mutation (putative driver)	Missense Mutation (putative driver)	Missense Mutation (putative driver)	Missense Mutation (putative driver)	Missense Mutation (putative driver)	Missense Mutation (putative driver)	Missense Mutation (putative driver)	Truncating mutation (putative passenger)	Truncating mutation (putative passenger)	Truncating mutation (putative passenger)	Missense Mutation (putative passenger)	Missense Mutation (putative passenger)	Missense Mutation (putative passenger)	Missense Mutation (putative passenger)	Missense Mutation (putative passenger)																																																																																																																																																																																																																															
MET	MUTATIONS																																																														Truncating mutation (putative driver)						Truncating mutation (putative driver)	Truncating mutation (putative driver)	Truncating mutation (putative driver)	Truncating mutation (putative driver)	Truncating mutation (putative driver)	Missense Mutation (putative driver)	Truncating mutation (putative passenger)	Truncating mutation (putative passenger)	Missense Mutation (putative passenger)	Missense Mutation (putative passenger)	Missense Mutation (putative passenger)	Missense Mutation (putative passenger)																																																																																																																																																																																																											
PIK3CA	MUTATIONS																						Missense Mutation (putative driver)															Missense Mutation (putative driver)																		Missense Mutation (putative driver)													Missense Mutation (putative driver)												Missense Mutation (putative driver)				Missense Mutation (putative driver)	Missense Mutation (putative driver)	Missense Mutation (putative driver)	Missense Mutation (putative driver)	Missense Mutation (putative driver)	Missense Mutation (putative driver)	Missense Mutation (putative driver)	Missense Mutation (putative passenger)	Missense Mutation (putative passenger)	Missense Mutation (putative passenger)	Missense Mutation (putative passenger)	Missense Mutation (putative passenger)	Missense Mutation (putative passenger)	Missense Mutation (putative passenger)																																																																																																																																																																																									
ALK	MUTATIONS													Missense Mutation (putative passenger)								Missense Mutation (putative passenger)																																			Missense Mutation (putative passenger)				Missense Mutation (putative passenger)		Missense Mutation (putative passenger)	Missense Mutation (putative passenger)										Missense Mutation (putative passenger)	Missense Mutation (putative passenger)																	Missense Mutation (putative passenger)	Missense Mutation (putative passenger)												Truncating mutation (putative passenger)	Truncating mutation (putative passenger)	Truncating mutation (putative passenger)	Missense Mutation (putative passenger)	Missense Mutation (putative passenger)	Missense Mutation (putative passenger)	Missense Mutation (putative passenger)																																																																																																																																																																												
ROS1	MUTATIONS													Missense Mutation (putative passenger)																																																			Missense Mutation (putative passenger)																											Missense Mutation (putative passenger)	Missense Mutation (putative passenger)	Missense Mutation (putative passenger)																									Truncating mutation (putative passenger)	Truncating mutation (putative passenger)	Truncating mutation (putative passenger)	Truncating mutation (putative passenger)	Missense Mutation (putative passenger)	Missense Mutation (putative passenger)	Missense Mutation (putative passenger)	Missense Mutation (putative passenger)	Missense Mutation (putative passenger)	Missense Mutation (putative passenger)	Missense Mutation (putative passenger)																																																																																																																																																										
PTEN	MUTATIONS						Truncating mutation (putative driver)																																																						Missense Mutation (putative driver)																																																																							Truncating mutation (putative driver)	Missense Mutation (putative driver)																																																																																																																																																						
BRAF	MUTATIONS																																							Missense Mutation (putative passenger)														Missense Mutation (putative driver)			Missense Mutation (putative driver)	Missense Mutation (putative driver)										Missense Mutation (putative driver)							Missense Mutation (putative driver)		Missense Mutation (putative driver)								Missense Mutation (putative driver)	Missense Mutation (putative driver)	Missense Mutation (putative driver)									Missense Mutation (putative driver)									Missense Mutation (putative driver)																														Inframe Mutation (putative driver)	Missense Mutation (putative driver)	Missense Mutation (putative driver)	Missense Mutation (putative driver)	Missense Mutation (putative driver)	Missense Mutation (putative driver)	Missense Mutation (putative driver)	Missense Mutation (putative driver)	Missense Mutation (putative driver)	Missense Mutation (putative driver)	Missense Mutation (putative driver)	Missense Mutation (putative driver)	Missense Mutation (putative driver)	Missense Mutation (putative driver)	Missense Mutation (putative driver)	Missense Mutation (putative driver)	Missense Mutation (putative driver)	Missense Mutation (putative passenger)																																																																																																																																			
NRAS	MUTATIONS																																																																																																																																																											Missense Mutation (putative driver)	Missense Mutation (putative driver)																																																																																																																														
HRAS	MUTATIONS																																																																																																																																																																Missense Mutation (putative driver)																																																																																																																										
AKT1	MUTATIONS																																																									Missense Mutation (putative driver)																														Missense Mutation (putative driver)																																																																											Missense Mutation (putative passenger)																																																																																																																								
AKT2	MUTATIONS																																																																																																																											Missense Mutation (putative passenger)																																										Missense Mutation (putative passenger)	Missense Mutation (putative passenger)																																																																																																																				
AKT3	MUTATIONS																																																																																Missense Mutation (putative passenger)																																																								Missense Mutation (putative passenger)																									Missense Mutation (putative passenger)											Missense Mutation (putative passenger)	Missense Mutation (putative passenger)	Missense Mutation (putative passenger)																																																																																																												
ERBB2	MUTATIONS																																																																																																											Missense Mutation (putative driver)										Inframe Mutation (putative driver)												Inframe Mutation (putative driver)																							Inframe Mutation (putative driver)																												Inframe Mutation (putative driver)	Truncating mutation (putative passenger)																																																																																																					
CTNNB1	MUTATIONS														Missense Mutation (putative passenger)									Missense Mutation (putative driver)	Missense Mutation (putative driver)																																		Missense Mutation (putative driver)																								Missense Mutation (putative driver)													Missense Mutation (putative driver)													Missense Mutation (putative passenger)										Missense Mutation (putative driver)																			Missense Mutation (putative driver)																									Missense Mutation (putative passenger)																			Missense Mutation (putative passenger)	Missense Mutation (putative driver)	Missense Mutation (putative driver)	Missense Mutation (putative driver)	Missense Mutation (putative driver)																																																																																																	
RET	MUTATIONS																																																																			Missense Mutation (putative passenger)																					Missense Mutation (putative passenger)															Missense Mutation (putative passenger)		Missense Mutation (putative passenger)																																																Missense Mutation (putative passenger)	Missense Mutation (putative passenger)																						Missense Mutation (putative passenger)																																																																																																										
MAPK1	MUTATIONS																																																																																																																																																																													Missense Mutation (putative passenger)																																																																																																													
MAPK3	MUTATIONS						Missense Mutation (putative passenger)																																																																																																																																																																																										Missense Mutation (putative passenger)																																																																																										
MAP2K1	MUTATIONS															Missense Mutation (putative driver)																																																											Truncating mutation (putative passenger)																																																												Missense Mutation (putative driver)																																																												Missense Mutation (putative driver)	Missense Mutation (putative driver)	Missense Mutation (putative passenger)																																																																																						
MTOR	MUTATIONS													Missense Mutation (putative driver)																																																				Missense Mutation (putative passenger)								Missense Mutation (putative passenger)																				Missense Mutation (putative passenger)			Missense Mutation (putative passenger)										Missense Mutation (putative passenger)																																Truncating mutation (putative passenger)	Missense Mutation (putative passenger)																Missense Mutation (putative passenger)				Missense Mutation (putative passenger)						Truncating mutation (putative passenger)																																Missense Mutation (putative passenger)	Missense Mutation (putative passenger)	Missense Mutation (putative passenger)																																																																																			
RPTOR	MUTATIONS																																																																			Truncating mutation (putative passenger)																								Missense Mutation (putative passenger)																		Missense Mutation (putative passenger)															Truncating mutation (putative passenger)																																									Missense Mutation (putative passenger)		Missense Mutation (putative passenger)																																		Missense Mutation (putative passenger)																																																																																	
INPP4B	MUTATIONS																																																																																		Missense Mutation (putative passenger)						Missense Mutation (putative passenger)								Missense Mutation (putative passenger)																										Missense Mutation (putative passenger)															Missense Mutation (putative passenger)			Missense Mutation (putative passenger)																												Missense Mutation (putative passenger)																								Missense Mutation (putative passenger)										Truncating mutation (putative driver)	Truncating mutation (putative driver)	Truncating mutation (putative driver)	Missense Mutation (putative passenger)																																																																													
TSC1	MUTATIONS		Missense Mutation (putative passenger)													Truncating mutation (putative driver)																																																		Missense Mutation (putative passenger)																																																																																												Missense Mutation (putative passenger)																																																																																																																													
TSC2	MUTATIONS																																																																			Missense Mutation (putative passenger)							Missense Mutation (putative passenger)																																		Truncating mutation (putative driver)																																																																																																			Missense Mutation (putative passenger)	Missense Mutation (putative passenger)																																																																										
EGFR	MRNA																																																																																																																																																																																																																																																																																										
MET	MRNA																																																																																																																																																																																																																																																																																										
PIK3CA	MRNA																																																																																																																																																																																																																																																																																										
ALK	MRNA																																																																																																																																																																																																																																																																																										
ROS1	MRNA																																																																																																																																																																																																																																																																																										
PTEN	MRNA																																																																																																																																																																																																																																																																																										
BRAF	MRNA																																																																																																																																																																																																																																																																																										
NRAS	MRNA																																																																																																																																																																																																																																																																																										
HRAS	MRNA																																																																																																																																																																																																																																																																																										
AKT1	MRNA																																																																																																																																																																																																																																																																																										
AKT2	MRNA																																																																																																																																																																																																																																																																																										
AKT3	MRNA																																																																																																																																																																																																																																																																																										
ERBB2	MRNA																																																																																																																																																																																																																																																																																										
CTNNB1	MRNA																																																																																																																																																																																																																																																																																										
RET	MRNA																																																																																																																																																																																																																																																																																										
MAPK1	MRNA																																																																																																																																																																																																																																																																																										
MAPK3	MRNA																																																																																																																																																																																																																																																																																										
MAP2K1	MRNA																																																																																																																																																																																																																																																																																										
MTOR	MRNA																																																																																																																																																																																																																																																																																										
RPTOR	MRNA																																																																																																																																																																																																																																																																																										
INPP4B	MRNA																																																																																																																																																																																																																																																																																										
TSC1	MRNA																																																																																																																																																																																																																																																																																										
TSC2	MRNA																																																																																																																																																																																																																																																																																										
EGFR	PROTEIN																																																																																																																																																																																																																																																																																										
MET	PROTEIN																																																																																																																																																																																																																																																																																										
PIK3CA	PROTEIN																																																																																																																																																																																																																																																																																										
ALK	PROTEIN																																																																																																																																																																																																																																																																																										
ROS1	PROTEIN																																																																																																																																																																																																																																																																																										
PTEN	PROTEIN																																																																																																																																																																																																																																																																																										
BRAF	PROTEIN																																																																																																																																																																																																																																																																																										
NRAS	PROTEIN																																																																																																																																																																																																																																																																																										
HRAS	PROTEIN																																																																																																																																																																																																																																																																																										
AKT1	PROTEIN																																																																																																																																																																																																																																																																																										
AKT2	PROTEIN																																																																																																																																																																																																																																																																																										
AKT3	PROTEIN																																																																																																																																																																																																																																																																																										
ERBB2	PROTEIN																																																																																																																																																																																																																																																																																										
CTNNB1	PROTEIN																																																																																																																																																																																																																																																																																										
RET	PROTEIN																																																																																																																																																																																																																																																																																										
MAPK1	PROTEIN																																																																																																																																																																																																																																																																																										
MAPK3	PROTEIN																																																																																																																																																																																																																																																																																										
MAP2K1	PROTEIN																																																																																																																																																																																																																																																																																										
MTOR	PROTEIN																																																																																																																																																																																																																																																																																										
RPTOR	PROTEIN																																																																																																																																																																																																																																																																																										
INPP4B	PROTEIN																																																																																																																																																																																																																																																																																										
TSC1	PROTEIN																																																																																																																																																																																																																																																																																										
TSC2	PROTEIN																																																																																																																																																																																																																																																																																										
EGFR	FUSION																																																																																																																																																																																																																																																																																										
MET	FUSION																																																												Fusion	Fusion																																																																																																																																																																																																																													
PIK3CA	FUSION																																																																																																																																																																																																																																																																																										
ALK	FUSION																																																																																																		Fusion	Fusion	Fusion	Fusion	Fusion																																																																																																																																																																																				
ROS1	FUSION																																																																																																															Fusion	Fusion	Fusion	Fusion	Fusion																																																																																																																																																																							
PTEN	FUSION																																																																																																																																																																																																																																																																																										
BRAF	FUSION																																																																																																																																																																																																																																																																																										
NRAS	FUSION																																																																																																																																																																																																																																																																																										
HRAS	FUSION																																																																																																																																																																																																																																																																																										
AKT1	FUSION																																																																																																																																																																																																																																																																																										
AKT2	FUSION																																																																																																																																																																																																																																																																																										
AKT3	FUSION																																																																																																																																																																																																																																																																																										
ERBB2	FUSION																																																																																																																																																																															Fusion																																																																																																											
CTNNB1	FUSION																																																																																																																																																																																																																																																																																										
RET	FUSION																																																																																																																																																																																										Fusion	Fusion																																																																																															
MAPK1	FUSION																																																																																																																																																																Fusion																																																																																																																										
MAPK3	FUSION																																																																																																																																																																																																																																																																																										
MAP2K1	FUSION																																																																																																																																																																																																																																																																																										
MTOR	FUSION							Fusion																																																																																																																																																																																																																																																																																			
RPTOR	FUSION																																																																																																																																																																																																																																																																																										
INPP4B	FUSION																																																																																																																																																																																																																																																																																										
TSC1	FUSION																																																																																																																																																																																																																																																																																										
TSC2	FUSION																																																																																																																																																																																																																																																																																										
